Safra,Cidade,Mes,Mes_Num,Ano_Calendario,Fase_Fenologica,Data_Liquidacao,Dias_Uteis_Vencimento,Taxa_Juros_Usada_pct,Chuva_Media_Hist_mm,N_Anos_Historico,Strike_Pct,Strike_mm,Prob_Acionamento_Hist,Prob_Acionamento_MC,Premio_HBA_RS,Premio_MC_RS,Premio_Medio_RS,Payoff_Max_RS,VaR95_Vendedor_RS,Payoff_P99_RS
2026/2027,Sorriso,Setembro,9,2026,Plantio,2026-10-06,37,13.6028,54.3,36,30%,16.3,0.167,0.155,257.36,180.85,219.1,9000.0,1304.06,2029.68
2026/2027,Sorriso,Setembro,9,2026,Plantio,2026-10-06,37,13.6028,54.3,36,40%,21.7,0.167,0.223,417.34,361.47,389.4,9000.0,2123.74,2855.54
2026/2027,Sorriso,Setembro,9,2026,Plantio,2026-10-06,37,13.6028,54.3,36,50%,27.2,0.194,0.3,595.71,623.09,609.4,9000.0,2961.11,3679.44
2026/2027,Sorriso,Setembro,9,2026,Plantio,2026-10-06,37,13.6028,54.3,36,60%,32.6,0.306,0.366,828.95,933.8,881.38,9000.0,3759.68,4497.01
2026/2027,Sorriso,Setembro,9,2026,Plantio,2026-10-06,37,13.6028,54.3,36,70%,38.0,0.361,0.434,1131.82,1332.63,1232.23,9000.0,4578.25,5310.2
2026/2027,Sorriso,Setembro,9,2026,Plantio,2026-10-06,37,13.6028,54.3,36,80%,43.5,0.417,0.496,1501.5,1781.77,1641.64,9000.0,5434.49,6124.07
2026/2027,Sorriso,Outubro,10,2026,Emergência/Vegetativo,2026-11-06,60,13.5586,143.5,36,30%,43.1,0.0,0.002,0.0,1.83,0.92,9000.0,0.0,0.0
2026/2027,Sorriso,Outubro,10,2026,Emergência/Vegetativo,2026-11-06,60,13.5586,143.5,36,40%,57.4,0.056,0.012,89.2,17.05,53.13,9000.0,0.0,311.82
2026/2027,Sorriso,Outubro,10,2026,Emergência/Vegetativo,2026-11-06,60,13.5586,143.5,36,50%,71.8,0.056,0.041,228.43,77.03,152.73,9000.0,0.0,2421.7
2026/2027,Sorriso,Outubro,10,2026,Emergência/Vegetativo,2026-11-06,60,13.5586,143.5,36,60%,86.1,0.056,0.097,367.66,242.22,304.94,9000.0,1688.74,4478.23
2026/2027,Sorriso,Outubro,10,2026,Emergência/Vegetativo,2026-11-06,60,13.5586,143.5,36,70%,100.5,0.139,0.189,619.59,599.83,609.71,9000.0,3868.57,6740.92
2026/2027,Sorriso,Outubro,10,2026,Emergência/Vegetativo,2026-11-06,60,13.5586,143.5,36,80%,114.8,0.194,0.3,959.42,1189.92,1074.67,9000.0,6047.76,8879.76
2026/2027,Sorriso,Novembro,11,2026,Vegetativo,2026-12-06,80,13.5587,205.7,36,30%,61.7,0.0,0.003,0.0,4.74,2.37,9000.0,0.0,0.0
2026/2027,Sorriso,Novembro,11,2026,Vegetativo,2026-12-06,80,13.5587,205.7,36,40%,82.3,0.028,0.016,5.26,36.03,20.64,9000.0,0.0,1238.09
2026/2027,Sorriso,Novembro,11,2026,Vegetativo,2026-12-06,80,13.5587,205.7,36,50%,102.9,0.083,0.053,252.91,157.01,204.96,9000.0,198.5,4333.15
2026/2027,Sorriso,Novembro,11,2026,Vegetativo,2026-12-06,80,13.5587,205.7,36,60%,123.4,0.167,0.111,636.21,421.49,528.85,9000.0,3128.36,7296.5
2026/2027,Sorriso,Novembro,11,2026,Vegetativo,2026-12-06,80,13.5587,205.7,36,70%,144.0,0.194,0.204,1294.65,948.14,1121.4,9000.0,6247.53,9000.0
2026/2027,Sorriso,Novembro,11,2026,Vegetativo,2026-12-06,80,13.5587,205.7,36,80%,164.6,0.25,0.315,1783.96,1724.2,1754.08,9000.0,9000.0,9000.0
2026/2027,Sorriso,Dezembro,12,2026,Veg/Início Reprodutivo,2027-01-06,103,13.5653,257.2,36,30%,77.1,0.0,0.001,0.0,1.86,0.93,9000.0,0.0,0.0
2026/2027,Sorriso,Dezembro,12,2026,Veg/Início Reprodutivo,2027-01-06,103,13.5653,257.2,36,40%,102.9,0.0,0.009,0.0,20.43,10.21,9000.0,0.0,0.0
2026/2027,Sorriso,Dezembro,12,2026,Veg/Início Reprodutivo,2027-01-06,103,13.5653,257.2,36,50%,128.6,0.083,0.032,72.05,98.19,85.12,9000.0,0.0,3445.76
2026/2027,Sorriso,Dezembro,12,2026,Veg/Início Reprodutivo,2027-01-06,103,13.5653,257.2,36,60%,154.3,0.139,0.084,539.83,335.3,437.56,9000.0,2281.9,7285.38
2026/2027,Sorriso,Dezembro,12,2026,Veg/Início Reprodutivo,2027-01-06,103,13.5653,257.2,36,70%,180.0,0.167,0.17,1212.75,836.67,1024.71,9000.0,6147.76,9000.0
2026/2027,Sorriso,Dezembro,12,2026,Veg/Início Reprodutivo,2027-01-06,103,13.5653,257.2,36,80%,205.7,0.222,0.283,1655.01,1634.01,1644.51,9000.0,9000.0,9000.0
2026/2027,Sorriso,Janeiro,1,2027,Reprodutivo (R) - CRÍTICO,2027-02-06,125,13.5716,266.9,35,30%,80.1,0.057,0.012,89.96,30.05,60.01,9000.0,0.0,416.77
2026/2027,Sorriso,Janeiro,1,2027,Reprodutivo (R) - CRÍTICO,2027-02-06,125,13.5716,266.9,35,40%,106.8,0.086,0.039,352.73,135.7,244.21,9000.0,0.0,4493.72
2026/2027,Sorriso,Janeiro,1,2027,Reprodutivo (R) - CRÍTICO,2027-02-06,125,13.5716,266.9,35,50%,133.5,0.114,0.089,711.67,397.0,554.33,9000.0,2890.92,8538.67
2026/2027,Sorriso,Janeiro,1,2027,Reprodutivo (R) - CRÍTICO,2027-02-06,125,13.5716,266.9,35,60%,160.2,0.114,0.163,991.02,886.38,938.7,9000.0,7035.54,9000.0
2026/2027,Sorriso,Janeiro,1,2027,Reprodutivo (R) - CRÍTICO,2027-02-06,125,13.5716,266.9,35,70%,186.9,0.229,0.254,1289.49,1589.04,1439.27,9000.0,9000.0,9000.0
2026/2027,Sorriso,Janeiro,1,2027,Reprodutivo (R) - CRÍTICO,2027-02-06,125,13.5716,266.9,35,80%,213.6,0.314,0.353,2041.58,2460.73,2251.15,9000.0,9000.0,9000.0
2026/2027,Sorriso,Fevereiro,2,2027,Reprodutivo (R) - CRÍTICO,2027-03-06,145,13.6081,273.5,35,30%,82.0,0.029,0.006,136.94,11.4,74.17,9000.0,0.0,0.0
2026/2027,Sorriso,Fevereiro,2,2027,Reprodutivo (R) - CRÍTICO,2027-03-06,145,13.6081,273.5,35,40%,109.4,0.057,0.023,333.04,71.5,202.27,9000.0,0.0,2656.47
2026/2027,Sorriso,Fevereiro,2,2027,Reprodutivo (R) - CRÍTICO,2027-03-06,145,13.6081,273.5,35,50%,136.7,0.057,0.062,482.83,244.31,363.57,9000.0,1057.13,6378.14
2026/2027,Sorriso,Fevereiro,2,2027,Reprodutivo (R) - CRÍTICO,2027-03-06,145,13.6081,273.5,35,60%,164.1,0.086,0.127,652.84,633.22,643.03,9000.0,5213.39,9000.0
2026/2027,Sorriso,Fevereiro,2,2027,Reprodutivo (R) - CRÍTICO,2027-03-06,145,13.6081,273.5,35,70%,191.4,0.171,0.222,1071.33,1278.28,1174.8,9000.0,9000.0,9000.0
2026/2027,Sorriso,Fevereiro,2,2027,Reprodutivo (R) - CRÍTICO,2027-03-06,145,13.6081,273.5,35,80%,218.8,0.229,0.326,1739.61,2128.55,1934.08,9000.0,9000.0,9000.0
2026/2027,Sinop,Setembro,9,2026,Plantio,2026-10-06,37,13.6028,59.2,36,30%,17.8,0.167,0.135,230.14,164.2,197.17,9000.0,1234.5,2102.73
2026/2027,Sinop,Setembro,9,2026,Plantio,2026-10-06,37,13.6028,59.2,36,40%,23.7,0.167,0.206,404.39,345.08,374.73,9000.0,2148.63,3016.89
2026/2027,Sinop,Setembro,9,2026,Plantio,2026-10-06,37,13.6028,59.2,36,50%,29.6,0.194,0.284,581.74,613.12,597.43,9000.0,3053.34,3895.46
2026/2027,Sinop,Setembro,9,2026,Plantio,2026-10-06,37,13.6028,59.2,36,60%,35.5,0.306,0.355,875.7,933.37,904.54,9000.0,3905.0,4783.79
2026/2027,Sinop,Setembro,9,2026,Plantio,2026-10-06,37,13.6028,59.2,36,70%,41.4,0.361,0.421,1202.2,1337.38,1269.79,9000.0,4789.96,5659.57
2026/2027,Sinop,Setembro,9,2026,Plantio,2026-10-06,37,13.6028,59.2,36,80%,47.3,0.389,0.485,1591.51,1795.28,1693.4,9000.0,5655.16,6528.29
2026/2027,Sinop,Outubro,10,2026,Emergência/Vegetativo,2026-11-06,60,13.5586,147.8,36,30%,44.3,0.0,0.001,0.0,0.86,0.43,9000.0,0.0,0.0
2026/2027,Sinop,Outubro,10,2026,Emergência/Vegetativo,2026-11-06,60,13.5586,147.8,36,40%,59.1,0.028,0.008,39.02,9.89,24.46,9000.0,0.0,0.0
2026/2027,Sinop,Outubro,10,2026,Emergência/Vegetativo,2026-11-06,60,13.5586,147.8,36,50%,73.9,0.028,0.032,110.7,57.97,84.33,9000.0,0.0,1984.18
2026/2027,Sinop,Outubro,10,2026,Emergência/Vegetativo,2026-11-06,60,13.5586,147.8,36,60%,88.7,0.056,0.084,200.36,201.26,200.81,9000.0,1302.03,4186.86
2026/2027,Sinop,Outubro,10,2026,Emergência/Vegetativo,2026-11-06,60,13.5586,147.8,36,70%,103.4,0.167,0.171,474.94,529.3,502.12,9000.0,3523.45,6460.97
2026/2027,Sinop,Outubro,10,2026,Emergência/Vegetativo,2026-11-06,60,13.5586,147.8,36,80%,118.2,0.306,0.285,1061.03,1097.23,1079.13,9000.0,5734.95,8574.46
2026/2027,Sinop,Novembro,11,2026,Vegetativo,2026-12-06,80,13.5587,216.6,36,30%,65.0,0.0,0.003,0.0,5.58,2.79,9000.0,0.0,0.0
2026/2027,Sinop,Novembro,11,2026,Vegetativo,2026-12-06,80,13.5587,216.6,36,40%,86.6,0.028,0.017,26.25,40.33,33.29,9000.0,0.0,1285.55
2026/2027,Sinop,Novembro,11,2026,Vegetativo,2026-12-06,80,13.5587,216.6,36,50%,108.3,0.056,0.052,229.54,158.82,194.18,9000.0,135.33,4462.7
2026/2027,Sinop,Novembro,11,2026,Vegetativo,2026-12-06,80,13.5587,216.6,36,60%,130.0,0.167,0.114,671.73,448.58,560.15,9000.0,3329.38,7662.95
2026/2027,Sinop,Novembro,11,2026,Vegetativo,2026-12-06,80,13.5587,216.6,36,70%,151.6,0.167,0.204,1226.48,979.93,1103.2,9000.0,6471.87,9000.0
2026/2027,Sinop,Novembro,11,2026,Vegetativo,2026-12-06,80,13.5587,216.6,36,80%,173.3,0.222,0.31,1723.1,1783.17,1753.14,9000.0,9000.0,9000.0
2026/2027,Sinop,Dezembro,12,2026,Veg/Início Reprodutivo,2027-01-06,103,13.5653,263.5,36,30%,79.1,0.0,0.001,0.0,0.82,0.41,9000.0,0.0,0.0
2026/2027,Sinop,Dezembro,12,2026,Veg/Início Reprodutivo,2027-01-06,103,13.5653,263.5,36,40%,105.4,0.0,0.008,0.0,17.04,8.52,9000.0,0.0,0.0
2026/2027,Sinop,Dezembro,12,2026,Veg/Início Reprodutivo,2027-01-06,103,13.5653,263.5,36,50%,131.8,0.056,0.031,152.66,94.08,123.37,9000.0,0.0,3249.6
2026/2027,Sinop,Dezembro,12,2026,Veg/Início Reprodutivo,2027-01-06,103,13.5653,263.5,36,60%,158.1,0.111,0.082,470.3,332.68,401.49,9000.0,2193.58,7315.59
2026/2027,Sinop,Dezembro,12,2026,Veg/Início Reprodutivo,2027-01-06,103,13.5653,263.5,36,70%,184.5,0.167,0.172,1018.19,854.52,936.36,9000.0,6290.3,9000.0
2026/2027,Sinop,Dezembro,12,2026,Veg/Início Reprodutivo,2027-01-06,103,13.5653,263.5,36,80%,210.8,0.194,0.28,1639.3,1634.6,1636.95,9000.0,9000.0,9000.0
2026/2027,Sinop,Janeiro,1,2027,Reprodutivo (R) - CRÍTICO,2027-02-06,125,13.5716,267.4,35,30%,80.2,0.0,0.009,0.0,20.91,10.45,9000.0,0.0,0.0
2026/2027,Sinop,Janeiro,1,2027,Reprodutivo (R) - CRÍTICO,2027-02-06,125,13.5716,267.4,35,40%,107.0,0.057,0.032,122.17,104.48,113.33,9000.0,0.0,3744.17
2026/2027,Sinop,Janeiro,1,2027,Reprodutivo (R) - CRÍTICO,2027-02-06,125,13.5716,267.4,35,50%,133.7,0.114,0.075,567.36,318.74,443.05,9000.0,1981.62,7488.22
2026/2027,Sinop,Janeiro,1,2027,Reprodutivo (R) - CRÍTICO,2027-02-06,125,13.5716,267.4,35,60%,160.4,0.171,0.143,1182.96,742.79,962.87,9000.0,5966.72,9000.0
2026/2027,Sinop,Janeiro,1,2027,Reprodutivo (R) - CRÍTICO,2027-02-06,125,13.5716,267.4,35,70%,187.2,0.229,0.24,1663.68,1454.92,1559.3,9000.0,9000.0,9000.0
2026/2027,Sinop,Janeiro,1,2027,Reprodutivo (R) - CRÍTICO,2027-02-06,125,13.5716,267.4,35,80%,213.9,0.257,0.342,2127.38,2334.25,2230.82,9000.0,9000.0,9000.0
2026/2027,Sinop,Fevereiro,2,2027,Reprodutivo (R) - CRÍTICO,2027-03-06,145,13.6081,275.6,35,30%,82.7,0.0,0.002,0.0,4.26,2.13,9000.0,0.0,0.0
2026/2027,Sinop,Fevereiro,2,2027,Reprodutivo (R) - CRÍTICO,2027-03-06,145,13.6081,275.6,35,40%,110.2,0.029,0.013,117.71,34.84,76.27,9000.0,0.0,845.63
2026/2027,Sinop,Fevereiro,2,2027,Reprodutivo (R) - CRÍTICO,2027-03-06,145,13.6081,275.6,35,50%,137.8,0.029,0.042,249.4,145.01,197.2,9000.0,0.0,4807.33
2026/2027,Sinop,Fevereiro,2,2027,Reprodutivo (R) - CRÍTICO,2027-03-06,145,13.6081,275.6,35,60%,165.3,0.143,0.101,487.1,441.22,464.16,9000.0,3439.98,8821.68
2026/2027,Sinop,Fevereiro,2,2027,Reprodutivo (R) - CRÍTICO,2027-03-06,145,13.6081,275.6,35,70%,192.9,0.229,0.187,1177.52,1000.21,1088.87,9000.0,7639.23,9000.0
2026/2027,Sinop,Fevereiro,2,2027,Reprodutivo (R) - CRÍTICO,2027-03-06,145,13.6081,275.6,35,80%,220.5,0.286,0.302,2057.57,1865.75,1961.66,9000.0,9000.0,9000.0
2026/2027,Lucas do Rio Verde,Setembro,9,2026,Plantio,2026-10-06,37,13.6028,55.3,36,30%,16.6,0.167,0.156,270.06,188.62,229.34,9000.0,1379.98,2096.74
2026/2027,Lucas do Rio Verde,Setembro,9,2026,Plantio,2026-10-06,37,13.6028,55.3,36,40%,22.1,0.194,0.228,448.29,374.81,411.55,9000.0,2189.57,2910.49
2026/2027,Lucas do Rio Verde,Setembro,9,2026,Plantio,2026-10-06,37,13.6028,55.3,36,50%,27.7,0.194,0.301,638.38,647.3,642.84,9000.0,3073.88,3780.13
2026/2027,Lucas do Rio Verde,Setembro,9,2026,Plantio,2026-10-06,37,13.6028,55.3,36,60%,33.2,0.278,0.37,853.71,962.67,908.19,9000.0,3862.38,4583.98
2026/2027,Lucas do Rio Verde,Setembro,9,2026,Plantio,2026-10-06,37,13.6028,55.3,36,70%,38.7,0.417,0.437,1183.92,1360.97,1272.45,9000.0,4694.0,5423.37
2026/2027,Lucas do Rio Verde,Setembro,9,2026,Plantio,2026-10-06,37,13.6028,55.3,36,80%,44.3,0.417,0.494,1591.27,1807.27,1699.27,9000.0,5514.47,6264.15
2026/2027,Lucas do Rio Verde,Outubro,10,2026,Emergência/Vegetativo,2026-11-06,60,13.5586,144.4,36,30%,43.3,0.028,0.004,25.57,3.8,14.69,9000.0,0.0,0.0
2026/2027,Lucas do Rio Verde,Outubro,10,2026,Emergência/Vegetativo,2026-11-06,60,13.5586,144.4,36,40%,57.8,0.056,0.019,151.36,28.8,90.08,9000.0,0.0,984.92
2026/2027,Lucas do Rio Verde,Outubro,10,2026,Emergência/Vegetativo,2026-11-06,60,13.5586,144.4,36,50%,72.2,0.056,0.054,291.49,116.68,204.09,9000.0,188.74,3158.61
2026/2027,Lucas do Rio Verde,Outubro,10,2026,Emergência/Vegetativo,2026-11-06,60,13.5586,144.4,36,60%,86.7,0.083,0.122,459.2,328.59,393.89,9000.0,2380.24,5140.53
2026/2027,Lucas do Rio Verde,Outubro,10,2026,Emergência/Vegetativo,2026-11-06,60,13.5586,144.4,36,70%,101.1,0.194,0.209,771.53,734.69,753.11,9000.0,4555.44,7447.7
2026/2027,Lucas do Rio Verde,Outubro,10,2026,Emergência/Vegetativo,2026-11-06,60,13.5586,144.4,36,80%,115.6,0.278,0.315,1261.6,1349.98,1305.79,9000.0,6641.06,9000.0
2026/2027,Lucas do Rio Verde,Novembro,11,2026,Vegetativo,2026-12-06,80,13.5587,205.1,36,30%,61.5,0.0,0.002,0.0,2.11,1.05,9000.0,0.0,0.0
2026/2027,Lucas do Rio Verde,Novembro,11,2026,Vegetativo,2026-12-06,80,13.5587,205.1,36,40%,82.0,0.028,0.009,19.97,16.84,18.41,9000.0,0.0,0.0
2026/2027,Lucas do Rio Verde,Novembro,11,2026,Vegetativo,2026-12-06,80,13.5587,205.1,36,50%,102.6,0.056,0.036,189.46,95.36,142.41,9000.0,0.0,3138.85
2026/2027,Lucas do Rio Verde,Novembro,11,2026,Vegetativo,2026-12-06,80,13.5587,205.1,36,60%,123.1,0.139,0.091,461.38,306.38,383.88,9000.0,2077.34,6044.04
2026/2027,Lucas do Rio Verde,Novembro,11,2026,Vegetativo,2026-12-06,80,13.5587,205.1,36,70%,143.6,0.222,0.179,1021.04,760.66,890.85,9000.0,5236.21,9000.0
2026/2027,Lucas do Rio Verde,Novembro,11,2026,Vegetativo,2026-12-06,80,13.5587,205.1,36,80%,164.1,0.25,0.293,1643.38,1518.53,1580.96,9000.0,8342.86,9000.0
2026/2027,Lucas do Rio Verde,Dezembro,12,2026,Veg/Início Reprodutivo,2027-01-06,103,13.5653,259.6,36,30%,77.9,0.0,0.003,0.0,5.65,2.83,9000.0,0.0,0.0
2026/2027,Lucas do Rio Verde,Dezembro,12,2026,Veg/Início Reprodutivo,2027-01-06,103,13.5653,259.6,36,40%,103.8,0.0,0.015,0.0,37.79,18.89,9000.0,0.0,1045.02
2026/2027,Lucas do Rio Verde,Dezembro,12,2026,Veg/Início Reprodutivo,2027-01-06,103,13.5653,259.6,36,50%,129.8,0.083,0.045,95.79,157.34,126.56,9000.0,0.0,4762.51
2026/2027,Lucas do Rio Verde,Dezembro,12,2026,Veg/Início Reprodutivo,2027-01-06,103,13.5653,259.6,36,60%,155.7,0.167,0.109,634.63,492.58,563.61,9000.0,3836.07,8933.08
2026/2027,Lucas do Rio Verde,Dezembro,12,2026,Veg/Início Reprodutivo,2027-01-06,103,13.5653,259.6,36,70%,181.7,0.194,0.198,1463.59,1068.65,1266.12,9000.0,7619.31,9000.0
2026/2027,Lucas do Rio Verde,Dezembro,12,2026,Veg/Início Reprodutivo,2027-01-06,103,13.5653,259.6,36,80%,207.7,0.222,0.305,1972.1,1898.66,1935.38,9000.0,9000.0,9000.0
2026/2027,Lucas do Rio Verde,Janeiro,1,2027,Reprodutivo (R) - CRÍTICO,2027-02-06,125,13.5716,280.0,35,30%,84.0,0.0,0.013,0.0,32.35,16.18,9000.0,0.0,580.22
2026/2027,Lucas do Rio Verde,Janeiro,1,2027,Reprodutivo (R) - CRÍTICO,2027-02-06,125,13.5716,280.0,35,40%,112.0,0.114,0.042,305.93,149.65,227.79,9000.0,0.0,4865.66
2026/2027,Lucas do Rio Verde,Janeiro,1,2027,Reprodutivo (R) - CRÍTICO,2027-02-06,125,13.5716,280.0,35,50%,140.0,0.114,0.094,846.64,446.37,646.51,9000.0,3480.93,9000.0
2026/2027,Lucas do Rio Verde,Janeiro,1,2027,Reprodutivo (R) - CRÍTICO,2027-02-06,125,13.5716,280.0,35,60%,168.0,0.171,0.167,1212.07,960.1,1086.09,9000.0,7739.52,9000.0
2026/2027,Lucas do Rio Verde,Janeiro,1,2027,Reprodutivo (R) - CRÍTICO,2027-02-06,125,13.5716,280.0,35,70%,196.0,0.229,0.258,1609.17,1671.79,1640.48,9000.0,9000.0,9000.0
2026/2027,Lucas do Rio Verde,Janeiro,1,2027,Reprodutivo (R) - CRÍTICO,2027-02-06,125,13.5716,280.0,35,80%,224.0,0.286,0.355,2198.76,2539.84,2369.3,9000.0,9000.0,9000.0
2026/2027,Lucas do Rio Verde,Fevereiro,2,2027,Reprodutivo (R) - CRÍTICO,2027-03-06,145,13.6081,280.9,35,30%,84.3,0.029,0.003,44.02,5.92,24.97,9000.0,0.0,0.0
2026/2027,Lucas do Rio Verde,Fevereiro,2,2027,Reprodutivo (R) - CRÍTICO,2027-03-06,145,13.6081,280.9,35,40%,112.4,0.057,0.017,201.54,46.81,124.18,9000.0,0.0,1482.15
2026/2027,Lucas do Rio Verde,Fevereiro,2,2027,Reprodutivo (R) - CRÍTICO,2027-03-06,145,13.6081,280.9,35,50%,140.5,0.057,0.051,444.25,190.92,317.58,9000.0,74.07,5644.77
2026/2027,Lucas do Rio Verde,Fevereiro,2,2027,Reprodutivo (R) - CRÍTICO,2027-03-06,145,13.6081,280.9,35,60%,168.5,0.114,0.113,650.52,533.66,592.09,9000.0,4362.74,9000.0
2026/2027,Lucas do Rio Verde,Fevereiro,2,2027,Reprodutivo (R) - CRÍTICO,2027-03-06,145,13.6081,280.9,35,70%,196.6,0.171,0.204,1017.42,1145.58,1081.5,9000.0,8451.06,9000.0
2026/2027,Lucas do Rio Verde,Fevereiro,2,2027,Reprodutivo (R) - CRÍTICO,2027-03-06,145,13.6081,280.9,35,80%,224.7,0.286,0.311,1699.52,1984.81,1842.17,9000.0,9000.0,9000.0
