Cidade,Mes,Mes_Num,Data_Liquidacao,Taxa_Juros_Usada_pct,CDD_Media_Hist,CDD_Std_Hist,N_Anos_Financeiro,Strike_Desvios,Strike_CDD,Slope_MW_por_CDD,Prob_Acionamento_Hist,Prob_Acionamento_MC,Premio_HBA_RS,Premio_MC_RS,Premio_Medio_RS,VaR95_Vendedor_RS,Payoff_P99_RS
São Paulo,Janeiro,1,2027-02-06,13.3217,132.1,28.8,23,-1.0σ,103.3,21.53,0.87,0.872,150645.39,152544.6,151594.99,684329.84,753467.32
São Paulo,Janeiro,1,2027-02-06,13.3217,132.1,28.8,23,-0.5σ,117.7,21.53,0.739,0.739,115309.25,116093.24,115701.24,564111.69,632169.16
São Paulo,Janeiro,1,2027-02-06,13.3217,132.1,28.8,23,+0.0σ,132.1,21.53,0.609,0.611,82218.19,82730.52,82474.35,443893.54,510871.01
São Paulo,Janeiro,1,2027-02-06,13.3217,132.1,28.8,23,+0.5σ,146.4,21.53,0.261,0.259,58259.79,57818.25,58039.02,323675.4,389572.85
São Paulo,Janeiro,1,2027-02-06,13.3217,132.1,28.8,23,+1.0σ,160.8,21.53,0.261,0.263,37633.51,37941.37,37787.44,203457.25,268274.7
São Paulo,Janeiro,1,2027-02-06,13.3217,132.1,28.8,23,+1.5σ,175.2,21.53,0.217,0.215,17116.42,17004.03,17060.23,90883.74,146976.54
São Paulo,Fevereiro,2,2027-03-06,13.3247,120.5,24.3,23,-1.0σ,96.2,21.53,0.913,0.913,163669.58,162791.36,163230.47,268304.58,1823572.76
São Paulo,Fevereiro,2,2027-03-06,13.3247,120.5,24.3,23,-0.5σ,108.3,21.53,0.826,0.826,122916.35,121180.33,122048.34,152244.07,1608341.6
São Paulo,Fevereiro,2,2027-03-06,13.3247,120.5,24.3,23,+0.0σ,120.5,21.53,0.652,0.652,87816.09,86728.66,87272.38,104659.79,1393110.44
São Paulo,Fevereiro,2,2027-03-06,13.3247,120.5,24.3,23,+0.5σ,132.6,21.53,0.348,0.351,66893.85,66423.6,66658.73,80134.59,1177879.29
São Paulo,Fevereiro,2,2027-03-06,13.3247,120.5,24.3,23,+1.0σ,144.8,21.53,0.174,0.173,52258.56,50380.44,51319.5,55609.39,962648.13
São Paulo,Fevereiro,2,2027-03-06,13.3247,120.5,24.3,23,+1.5σ,156.9,21.53,0.13,0.13,39614.82,40593.72,40104.27,31084.18,747416.97
São Paulo,Março,3,2027-04-06,13.3344,110.8,27.3,23,-1.0σ,83.5,21.53,0.957,0.957,168516.68,170069.0,169292.84,754714.99,1098538.75
São Paulo,Março,3,2027-04-06,13.3344,110.8,27.3,23,-0.5σ,97.2,21.53,0.826,0.825,121477.05,120025.14,120751.1,660063.69,856613.78
São Paulo,Março,3,2027-04-06,13.3344,110.8,27.3,23,+0.0σ,110.8,21.53,0.609,0.612,83213.7,82899.4,83056.55,565412.38,614688.82
São Paulo,Março,3,2027-04-06,13.3344,110.8,27.3,23,+0.5σ,124.5,21.53,0.348,0.349,55440.96,55746.86,55593.91,372763.86,470761.07
São Paulo,Março,3,2027-04-06,13.3344,110.8,27.3,23,+1.0σ,138.1,21.53,0.217,0.215,33461.45,33069.79,33265.62,130838.89,376109.76
São Paulo,Março,3,2027-04-06,13.3344,110.8,27.3,23,+1.5σ,151.8,21.53,0.174,0.177,17371.76,18060.47,17716.11,37203.15,281458.45
São Paulo,Abril,4,2027-05-06,13.355,64.8,27.1,23,-1.0σ,37.7,21.53,0.913,0.915,130229.54,130324.97,130277.26,263399.59,966543.41
São Paulo,Abril,4,2027-05-06,13.355,64.8,27.1,23,-0.5σ,51.3,21.53,0.739,0.737,90190.78,88791.28,89491.03,179697.37,726282.81
São Paulo,Abril,4,2027-05-06,13.355,64.8,27.1,23,+0.0σ,64.8,21.53,0.522,0.524,56689.97,56979.28,56834.63,125239.21,486022.22
São Paulo,Abril,4,2027-05-06,13.355,64.8,27.1,23,+0.5σ,78.4,21.53,0.391,0.391,30011.71,30213.72,30112.72,102444.46,245761.63
São Paulo,Abril,4,2027-05-06,13.355,64.8,27.1,23,+1.0σ,92.0,21.53,0.261,0.263,6883.43,6882.12,6882.78,28785.13,84612.45
São Paulo,Abril,4,2027-05-06,13.355,64.8,27.1,23,+1.5σ,105.5,21.53,0.087,0.086,3824.74,3734.53,3779.63,12442.28,66780.44
São Paulo,Maio,5,2027-06-06,13.3746,19.5,20.9,23,-1.0σ,0.0,21.53,1.0,1.0,109948.48,110430.83,110189.66,370727.33,631362.33
São Paulo,Maio,5,2027-06-06,13.3746,19.5,20.9,23,-0.5σ,9.1,21.53,0.739,0.738,77105.41,76556.84,76831.12,303416.13,481294.52
São Paulo,Maio,5,2027-06-06,13.3746,19.5,20.9,23,+0.0σ,19.5,21.53,0.304,0.307,46656.58,47772.08,47214.33,226061.25,308834.73
São Paulo,Maio,5,2027-06-06,13.3746,19.5,20.9,23,+0.5σ,30.0,21.53,0.217,0.216,28985.82,28877.79,28931.81,147030.84,148706.38
São Paulo,Maio,5,2027-06-06,13.3746,19.5,20.9,23,+1.0σ,40.4,21.53,0.174,0.176,14219.17,14342.44,14280.81,95608.42,107544.13
São Paulo,Maio,5,2027-06-06,13.3746,19.5,20.9,23,+1.5σ,50.9,21.53,0.087,0.085,6592.01,6429.16,6510.59,44185.99,93806.5
São Paulo,Junho,6,2027-07-06,13.3952,6.9,9.6,23,-1.0σ,0.0,21.53,0.957,0.957,50040.42,49705.41,49872.92,180244.15,349655.33
São Paulo,Junho,6,2027-07-06,13.3952,6.9,9.6,23,-0.5σ,2.0,21.53,0.609,0.607,44022.21,44217.65,44119.93,163867.48,328510.39
São Paulo,Junho,6,2027-07-06,13.3952,6.9,9.6,23,+0.0σ,6.9,21.53,0.478,0.48,32217.64,32560.74,32389.19,125305.23,278720.26
São Paulo,Junho,6,2027-07-06,13.3952,6.9,9.6,23,+0.5σ,11.7,21.53,0.348,0.35,22653.14,22808.72,22730.93,86742.98,228930.14
São Paulo,Junho,6,2027-07-06,13.3952,6.9,9.6,23,+1.0σ,16.5,21.53,0.217,0.218,14559.9,14767.09,14663.49,48180.73,179140.01
São Paulo,Junho,6,2027-07-06,13.3952,6.9,9.6,23,+1.5σ,21.3,21.53,0.13,0.129,8367.58,8423.02,8395.3,38148.18,129349.88
São Paulo,Julho,7,2027-08-06,13.4167,6.1,9.1,23,-1.0σ,0.0,21.53,0.957,0.957,49228.79,48504.27,48866.53,176653.37,523363.48
São Paulo,Julho,7,2027-08-06,13.4167,6.1,9.1,23,-0.5σ,1.5,21.53,0.87,0.869,44085.08,43746.42,43915.75,156054.26,506668.72
São Paulo,Julho,7,2027-08-06,13.4167,6.1,9.1,23,+0.0σ,6.1,21.53,0.478,0.478,31838.26,31265.91,31552.09,95240.89,457381.92
São Paulo,Julho,7,2027-08-06,13.4167,6.1,9.1,23,+0.5σ,10.6,21.53,0.217,0.217,23730.06,23624.26,23677.16,40108.54,408095.11
São Paulo,Julho,7,2027-08-06,13.4167,6.1,9.1,23,+1.0σ,15.1,21.53,0.13,0.131,18615.93,18428.85,18522.39,32942.36,358808.31
São Paulo,Julho,7,2027-08-06,13.4167,6.1,9.1,23,+1.5σ,19.7,21.53,0.087,0.088,15657.27,15601.37,15629.32,25776.17,309521.51
São Paulo,Agosto,8,2027-09-06,13.4364,25.0,17.2,23,-1.0σ,7.8,21.53,1.0,1.0,109362.17,109916.0,109639.08,416743.87,595523.27
São Paulo,Agosto,8,2027-09-06,13.4364,25.0,17.2,23,-0.5σ,16.4,21.53,0.696,0.697,78424.37,78741.4,78582.89,284312.36,487542.28
São Paulo,Agosto,8,2027-09-06,13.4364,25.0,17.2,23,+0.0σ,25.0,21.53,0.609,0.609,51230.16,50795.06,51012.61,155579.65,379561.29
São Paulo,Agosto,8,2027-09-06,13.4364,25.0,17.2,23,+0.5σ,33.6,21.53,0.348,0.347,29453.85,29241.63,29347.74,129090.76,271580.29
São Paulo,Agosto,8,2027-09-06,13.4364,25.0,17.2,23,+1.0σ,42.2,21.53,0.304,0.307,16738.33,16672.18,16705.26,102601.87,163599.3
São Paulo,Agosto,8,2027-09-06,13.4364,25.0,17.2,23,+1.5σ,50.8,21.53,0.174,0.171,6786.34,6571.59,6678.97,55618.3,76112.97
São Paulo,Setembro,9,2026-10-06,13.345,58.8,38.0,23,-1.0σ,20.8,21.53,1.0,1.0,405557.76,400540.0,403048.88,1235846.98,1335684.01
São Paulo,Setembro,9,2026-10-06,13.345,58.8,38.0,23,-0.5σ,39.8,21.53,0.826,0.826,304464.17,305451.62,304957.89,966614.62,1100176.15
São Paulo,Setembro,9,2026-10-06,13.345,58.8,38.0,23,+0.0σ,58.8,21.53,0.609,0.608,213034.52,212906.0,212970.26,814528.73,864668.28
São Paulo,Setembro,9,2026-10-06,13.345,58.8,38.0,23,+0.5σ,77.8,21.53,0.565,0.568,129512.59,129798.05,129655.32,629160.42,662442.85
São Paulo,Setembro,9,2026-10-06,13.345,58.8,38.0,23,+1.0σ,96.9,21.53,0.348,0.348,62776.43,62483.16,62629.79,393652.55,510356.96
São Paulo,Setembro,9,2026-10-06,13.345,58.8,38.0,23,+1.5σ,115.9,21.53,0.174,0.173,32060.96,32085.17,32073.06,158144.69,358271.08
São Paulo,Outubro,10,2026-11-06,13.3398,86.6,41.5,22,-1.0σ,45.1,21.53,0.955,0.955,409156.59,409706.54,409431.56,975967.71,1681138.59
São Paulo,Outubro,10,2026-11-06,13.3398,86.6,41.5,22,-0.5σ,65.9,21.53,0.818,0.821,303712.58,301816.23,302764.4,737350.79,1328920.27
São Paulo,Outubro,10,2026-11-06,13.3398,86.6,41.5,22,+0.0σ,86.6,21.53,0.682,0.68,206008.52,206078.99,206043.75,498733.87,976701.95
São Paulo,Outubro,10,2026-11-06,13.3398,86.6,41.5,22,+0.5σ,107.4,21.53,0.455,0.453,124662.91,125182.69,124922.8,337463.42,624483.63
São Paulo,Outubro,10,2026-11-06,13.3398,86.6,41.5,22,+1.0σ,128.2,21.53,0.318,0.318,49784.81,49725.49,49755.15,212357.39,272265.3
São Paulo,Outubro,10,2026-11-06,13.3398,86.6,41.5,22,+1.5σ,148.9,21.53,0.091,0.091,5476.17,5512.28,5494.22,14501.09,87251.35
São Paulo,Novembro,11,2026-12-06,13.3245,94.1,27.3,22,-1.0σ,66.7,21.53,0.909,0.908,170889.0,170916.33,170902.67,509626.79,832853.23
São Paulo,Novembro,11,2026-12-06,13.3245,94.1,27.3,22,-0.5σ,80.4,21.53,0.773,0.774,112302.45,111911.77,112107.11,351103.88,606959.25
São Paulo,Novembro,11,2026-12-06,13.3245,94.1,27.3,22,+0.0σ,94.1,21.53,0.591,0.589,62894.33,63251.07,63072.7,192580.96,381065.27
São Paulo,Novembro,11,2026-12-06,13.3245,94.1,27.3,22,+0.5σ,107.7,21.53,0.364,0.367,26925.67,27126.27,27025.97,116932.34,155171.29
São Paulo,Novembro,11,2026-12-06,13.3245,94.1,27.3,22,+1.0σ,121.4,21.53,0.136,0.138,6338.02,6490.37,6414.2,18552.24,91784.45
São Paulo,Novembro,11,2026-12-06,13.3245,94.1,27.3,22,+1.5σ,135.1,21.53,0.091,0.091,3753.71,3747.19,3750.45,3805.76,66636.56
São Paulo,Dezembro,12,2027-01-06,13.3183,122.0,33.0,22,-1.0σ,89.0,21.53,0.909,0.908,191150.68,192084.04,191617.36,488636.67,815989.79
São Paulo,Dezembro,12,2027-01-06,13.3183,122.0,33.0,22,-0.5σ,105.5,21.53,0.818,0.817,138588.29,139555.4,139071.84,393056.4,604419.55
São Paulo,Dezembro,12,2027-01-06,13.3183,122.0,33.0,22,+0.0σ,122.0,21.53,0.682,0.682,87601.68,88310.61,87956.15,297476.13,392849.3
São Paulo,Dezembro,12,2027-01-06,13.3183,122.0,33.0,22,+0.5σ,138.5,21.53,0.455,0.458,41844.03,41776.92,41810.48,181279.06,201895.86
São Paulo,Dezembro,12,2027-01-06,13.3183,122.0,33.0,22,+1.0σ,155.0,21.53,0.182,0.181,13048.38,12904.66,12976.52,100943.44,106315.59
São Paulo,Dezembro,12,2027-01-06,13.3183,122.0,33.0,22,+1.5σ,171.5,21.53,0.091,0.089,4528.6,4418.06,4473.33,10735.32,75223.24
